Age,Sex,Method_of_payment,Fidelizacion_media,Discount,Times_per_week,Favorite_class,Income,Current_membership,Fidelizacion_alta
0.20512820512820518,1.0,0.5,0.0,0.0,0.025,1.0,0.0,1.0,0.0
0.9999999999999999,0.0,0.5,0.0,0.0,0.025,1.0,0.062293880542323196,0.8076923076923077,0.0
0.3846153846153846,0.0,0.5,1.0,0.0,0.0,0.42857142857142855,0.021986075485525832,0.0,1.0
0.3846153846153846,0.0,0.0,1.0,0.1141422212076247,0.07500000000000001,0.8571428571428571,0.6594210333455478,0.3076923076923077,1.0
0.4358974358974359,0.0,0.5,1.0,0.0,0.07500000000000001,0.8571428571428571,0.5256577500916086,0.11538461538461539,1.0
0.41025641025641024,0.0,0.5,0.0,0.05707111060381235,0.07500000000000001,0.42857142857142855,0.1797361670941737,0.2692307692307693,0.0
0.3846153846153846,0.0,0.5,0.0,0.1141422212076247,0.15000000000000002,0.8571428571428571,0.05478197141810187,0.38461538461538464,0.0
0.46153846153846156,0.0,0.0,1.0,0.1141422212076247,0.125,0.42857142857142855,0.7150054965188714,0.2692307692307693,1.0
0.5128205128205128,1.0,0.0,1.0,0.1141422212076247,0.1,0.42857142857142855,0.7192194943202638,0.2692307692307693,1.0
0.3846153846153846,0.0,0.5,0.0,0.0,0.025,1.0,0.03664345914254306,0.0,0.0
0.41025641025641024,1.0,1.0,0.0,0.0,0.0,0.8571428571428571,0.03627702455111762,0.0,0.0
0.3846153846153846,0.0,0.5,0.0,0.0,0.275,0.42857142857142855,0.028948332722609015,0.8076923076923077,0.0
0.3846153846153846,1.0,0.5,0.0,0.0,0.2,0.42857142857142855,0.028948332722609015,0.8076923076923077,0.0
0.28205128205128205,1.0,0.5,0.0,0.0,0.025,0.8571428571428571,0.16672773909857092,0.38461538461538464,0.0
0.33333333333333337,0.0,0.5,0.0,0.0,0.07500000000000001,0.8571428571428571,0.1703920850128252,0.38461538461538464,0.0
0.2564102564102564,0.0,0.0,1.0,0.08058440817258303,0.1,0.42857142857142855,0.5127152803224625,0.8076923076923077,1.0
0.28205128205128205,0.0,1.0,0.0,0.0,0.325,0.8571428571428571,0.06009527299377061,0.8846153846153847,0.0
0.3076923076923077,1.0,0.0,1.0,0.0,0.025,0.8571428571428571,0.48491388787101497,0.8846153846153847,1.0
0.33333333333333337,1.0,0.0,1.0,0.0,0.025,0.8571428571428571,0.5930377427629169,0.8846153846153847,1.0
0.41025641025641024,0.0,0.5,1.0,0.0,0.05,0.8571428571428571,0.5789666544521803,0.8846153846153847,1.0
0.41025641025641024,0.0,0.0,1.0,0.0,0.05,0.8571428571428571,0.6605862953462807,0.11538461538461539,1.0
0.3846153846153846,1.0,0.5,0.0,0.0,0.025,0.7142857142857142,0.0,1.0,0.0
0.3846153846153846,1.0,0.5,0.0,0.0,0.0,0.8571428571428571,0.012704287284719678,0.38461538461538464,0.0
0.17948717948717952,1.0,0.0,1.0,0.0,0.07500000000000001,0.8571428571428571,0.40307805056797363,0.11538461538461539,1.0
0.20512820512820518,0.0,1.0,0.0,0.0,0.025,0.8571428571428571,0.0348112861854159,0.3076923076923077,0.0
0.3846153846153846,0.0,1.0,0.0,0.0,0.0,0.8571428571428571,0.023818248442652987,0.38461538461538464,0.0
0.4358974358974359,1.0,1.0,0.0,0.0,0.0,0.8571428571428571,0.023818248442652987,0.38461538461538464,0.0
0.4358974358974359,1.0,0.0,1.0,0.0,0.07500000000000001,0.8571428571428571,0.5508318065225357,0.3076923076923077,1.0
0.3076923076923077,0.0,0.0,1.0,0.0,0.0,0.8571428571428571,0.3371198241113961,0.38461538461538464,1.0
0.33333333333333337,0.0,0.5,0.0,0.0,0.0,0.7142857142857142,0.02015390252839868,0.576923076923077,0.0
0.923076923076923,0.0,0.0,1.0,0.0,0.025,0.8571428571428571,0.3451813851227556,0.38461538461538464,1.0
0.3846153846153846,0.0,0.5,0.0,0.0,0.0,0.8571428571428571,0.01905459875412239,0.38461538461538464,0.0
0.3846153846153846,0.0,0.5,0.0,0.0,0.025,1.0,0.010993037742762916,0.7692307692307693,0.0
0.2564102564102564,1.0,0.5,1.0,0.0,0.025,1.0,0.03627702455111762,0.2692307692307693,1.0
0.3589743589743589,0.0,0.0,1.0,0.0,0.07500000000000001,0.8571428571428571,0.5760828142176622,0.3076923076923077,1.0
0.41025641025641024,0.0,0.0,1.0,0.0,0.05,0.8571428571428571,0.39149871747893006,0.8846153846153847,1.0
0.33333333333333337,1.0,0.5,0.0,0.0,0.0,0.8571428571428571,0.01282521069989007,0.38461538461538464,0.0
0.23076923076923073,1.0,0.5,0.0,0.0,0.05,0.8571428571428571,0.02565042139978014,0.38461538461538464,0.0
0.3846153846153846,0.0,0.5,0.0,0.0,0.025,1.0,0.01902894833272261,0.8846153846153847,0.0
0.23076923076923073,1.0,0.5,0.0,0.1141422212076247,0.0,0.8571428571428571,0.01282521069989007,0.38461538461538464,0.0
0.3076923076923077,1.0,0.5,0.0,0.0,0.4,0.8571428571428571,0.28432759252473433,0.3076923076923077,0.0
0.17948717948717952,1.0,0.5,0.0,0.0,0.2,0.8571428571428571,0.1703920850128252,0.7307692307692308,0.0
0.46153846153846156,1.0,0.5,0.0,0.0,0.025,1.0,0.01282521069989007,0.38461538461538464,0.0
0.4358974358974359,0.0,0.5,0.0,0.040292204086291514,0.0,0.8571428571428571,0.030047636496885306,0.8846153846153847,0.0
0.3846153846153846,1.0,0.5,0.0,0.0,0.05,0.14285714285714285,0.01282521069989007,0.38461538461538464,0.0
0.6666666666666666,0.0,0.5,1.0,0.0,0.0,0.5714285714285714,0.04030780505679736,0.0,1.0
0.3846153846153846,0.0,0.0,0.0,0.0,0.0,0.8571428571428571,0.0861744228655185,0.11538461538461539,0.0
0.3846153846153846,0.0,0.5,0.0,0.0,0.025,1.0,0.02015390252839868,0.576923076923077,0.0
0.6666666666666666,0.0,0.0,1.0,0.0,0.07500000000000001,0.8571428571428571,0.4009417368999634,0.576923076923077,1.0
0.3846153846153846,0.0,0.5,1.0,0.0,0.025,0.8571428571428571,0.29314767314034446,0.38461538461538464,1.0
0.15384615384615385,0.0,1.0,0.0,0.0,0.025,0.8571428571428571,0.11817515573470136,0.576923076923077,0.0
0.3076923076923077,1.0,0.0,1.0,0.0,0.05,0.8571428571428571,0.5848296079149872,0.3076923076923077,1.0
0.6923076923076922,0.0,0.0,1.0,0.0,0.05,0.8571428571428571,0.6016123122022718,0.8846153846153847,1.0
0.17948717948717952,0.0,0.0,1.0,0.0,0.05,0.8571428571428571,0.6826676438255771,0.3076923076923077,1.0
0.3846153846153846,1.0,0.5,0.0,0.040292204086291514,0.025,1.0,0.05386588493953829,0.38461538461538464,0.0
0.4358974358974359,1.0,0.5,1.0,0.1141422212076247,0.0,0.8571428571428571,0.03627702455111762,0.0,1.0
0.3846153846153846,0.0,0.0,1.0,0.0,0.05,0.8571428571428571,0.6867240747526566,1.0,1.0
0.3846153846153846,0.0,0.5,0.0,0.0,0.025,1.0,0.023818248442652987,0.38461538461538464,0.0
0.3846153846153846,0.0,0.5,0.0,0.0,0.025,0.8571428571428571,0.09527299377061195,0.38461538461538464,0.0
0.3076923076923077,0.0,0.0,1.0,0.0,0.05,0.8571428571428571,0.6833272260901428,0.34615384615384615,1.0
0.3846153846153846,0.0,0.5,1.0,0.0,0.025,0.14285714285714285,0.042139978013924516,0.11538461538461539,0.0
0.5128205128205128,0.0,0.5,0.0,0.0,0.05,0.8571428571428571,0.10864785635764015,0.3076923076923077,0.0
0.41025641025641024,0.0,0.0,0.0,0.9999999999999999,0.125,0.8571428571428571,0.3031806522535727,0.38461538461538464,0.0
0.33333333333333337,0.0,0.5,0.0,0.0,0.05,0.8571428571428571,0.1524367900329791,0.8846153846153847,0.0
0.4871794871794871,0.0,0.0,1.0,0.0,0.025,0.8571428571428571,0.4628068889703188,0.8846153846153847,1.0
0.3846153846153846,1.0,1.0,0.0,0.0,0.025,1.0,0.0,1.0,0.0
0.3846153846153846,0.0,0.5,0.0,0.0,0.0,0.8571428571428571,0.04030780505679736,0.576923076923077,0.0
0.3846153846153846,0.0,0.5,0.0,0.0,0.05,0.2857142857142857,0.07145474532795895,0.38461538461538464,0.0
0.3846153846153846,0.0,0.5,0.0,0.0,0.025,0.42857142857142855,0.12458776108464639,0.576923076923077,0.0
0.28205128205128205,1.0,0.0,1.0,0.0,0.025,0.8571428571428571,0.5884939538292415,0.8846153846153847,1.0
0.41025641025641024,0.0,0.0,1.0,0.0,0.07500000000000001,0.42857142857142855,0.6643459142543056,0.2692307692307693,1.0
0.4358974358974359,1.0,0.5,0.0,0.0,0.025,0.8571428571428571,0.10223525100769512,0.11538461538461539,0.0
0.3846153846153846,1.0,0.0,1.0,0.0,0.025,0.8571428571428571,0.10313301575668743,0.576923076923077,1.0
0.33333333333333337,1.0,0.0,1.0,0.1141422212076247,0.025,0.8571428571428571,0.4686698424331257,0.38461538461538464,1.0
0.41025641025641024,0.0,0.0,1.0,0.1141422212076247,0.05,0.8571428571428571,0.5218395016489557,0.8846153846153847,1.0
0.3076923076923077,1.0,0.0,1.0,0.0,0.025,0.8571428571428571,0.3992964455844632,0.0,1.0
0.3846153846153846,1.0,0.5,0.0,0.0,0.0,0.8571428571428571,0.02015390252839868,0.576923076923077,0.0
0.8974358974358975,1.0,1.0,1.0,0.0,0.0,0.8571428571428571,0.12080615610113594,0.8846153846153847,1.0
0.10256410256410253,1.0,1.0,0.0,0.0,0.0,0.8571428571428571,0.03835104433858556,1.0,0.0
0.41025641025641024,0.0,1.0,0.0,0.0,0.0,0.42857142857142855,0.028948332722609015,0.8076923076923077,0.0
0.3076923076923077,1.0,0.0,1.0,0.1141422212076247,0.025,0.8571428571428571,0.5124551117625504,0.23076923076923078,1.0
0.3589743589743589,1.0,0.0,1.0,0.0,0.05,0.8571428571428571,0.5830084279956028,0.8846153846153847,1.0
0.3589743589743589,0.0,0.0,1.0,0.0,0.025,0.8571428571428571,0.470908757786735,0.8846153846153847,1.0
0.2564102564102564,0.0,1.0,0.0,0.0,0.0,0.2857142857142857,0.03681934774642726,0.7307692307692308,0.0
0.3846153846153846,1.0,0.5,1.0,0.0,0.0,0.8571428571428571,0.02015390252839868,0.576923076923077,1.0
0.41025641025641024,1.0,0.5,1.0,0.0,0.025,0.8571428571428571,0.6020593624038109,0.8846153846153847,1.0
0.3076923076923077,1.0,0.0,1.0,0.0,0.025,0.8571428571428571,0.5777574203004764,0.38461538461538464,1.0
0.8205128205128206,0.0,0.5,0.0,0.0,0.025,1.0,0.0,1.0,0.0
0.3589743589743589,1.0,1.0,1.0,0.0,0.0,0.8571428571428571,0.040721876145108096,0.38461538461538464,0.0
0.33333333333333337,1.0,0.0,1.0,0.0,0.05,0.8571428571428571,0.5870282154635398,0.8846153846153847,1.0
0.3589743589743589,1.0,1.0,0.0,0.0,0.05,0.8571428571428571,0.06223525100769513,0.38461538461538464,0.0
0.41025641025641024,0.0,0.0,1.0,0.0,0.025,0.8571428571428571,0.527607182117992,0.8846153846153847,1.0
0.6666666666666666,0.0,0.0,1.0,0.0,0.025,0.42857142857142855,0.5787284719677537,0.8076923076923077,1.0
0.717948717948718,1.0,0.5,0.0,0.0,0.0,0.42857142857142855,0.08427995602784903,0.11538461538461539,0.0
0.3589743589743589,1.0,0.0,1.0,0.0,0.025,0.8571428571428571,0.4938585562477098,0.38461538461538464,1.0
0.46153846153846156,1.0,0.5,0.0,0.0,0.05,0.8571428571428571,0.105533162330524,0.8846153846153847,0.0
0.3076923076923077,0.0,0.5,1.0,0.0,0.0,0.8571428571428571,0.029904727006229388,0.576923076923077,0.0
0.46153846153846156,0.0,1.0,0.0,0.0,0.05,0.8571428571428571,0.06253206302674973,0.11538461538461539,0.0
0.6923076923076922,1.0,0.5,0.0,0.0,0.025,0.7142857142857142,0.029314767314034443,0.8846153846153847,0.0
0.28205128205128205,0.0,0.0,1.0,0.0,0.07500000000000001,0.8571428571428571,0.6703481128618541,0.6538461538461539,1.0
0.3589743589743589,1.0,0.5,0.0,0.0,0.05,0.5714285714285714,0.029256137779406378,0.576923076923077,0.0
0.41025641025641024,1.0,0.5,1.0,0.0,0.07500000000000001,0.8571428571428571,0.39042872847196775,0.46153846153846156,1.0
0.6153846153846153,1.0,0.0,1.0,0.0,0.05,0.42857142857142855,0.6026419934041773,0.8076923076923077,1.0
0.28205128205128205,1.0,0.5,1.0,0.0,0.0,0.8571428571428571,0.04030780505679736,0.0,1.0
0.41025641025641024,1.0,0.0,1.0,0.0,0.15000000000000002,0.8571428571428571,0.42725174056430926,0.46153846153846156,1.0
0.3846153846153846,0.0,0.5,0.0,0.0,0.025,1.0,0.014657383657017221,0.7692307692307693,0.0
0.3846153846153846,1.0,1.0,0.0,0.0,0.05,0.8571428571428571,0.10295712715280324,0.3076923076923077,0.0
0.5897435897435898,0.0,0.0,0.0,0.0,0.17500000000000002,0.8571428571428571,0.22169292781238548,0.576923076923077,0.0
0.3846153846153846,0.0,0.5,0.0,0.0,0.025,0.8571428571428571,0.02015390252839868,0.576923076923077,0.0
0.46153846153846156,0.0,0.5,0.0,0.0,0.0,0.8571428571428571,0.0815316965921583,1.0,0.0
0.8717948717948717,1.0,0.5,0.0,0.0,0.07500000000000001,0.8571428571428571,0.18028581898131182,0.8846153846153847,0.0
0.3846153846153846,1.0,0.5,0.0,0.0,0.0,0.8571428571428571,0.01832172957127153,0.11538461538461539,0.0
0.3846153846153846,0.0,0.0,1.0,0.0,0.025,0.8571428571428571,0.5185049468669842,0.46153846153846156,1.0
0.3846153846153846,0.0,0.5,0.0,0.0,0.025,0.8571428571428571,0.12092341517039208,0.38461538461538464,0.0
0.28205128205128205,0.0,0.0,0.0,0.0,0.025,0.8571428571428571,0.17955294979846098,0.576923076923077,0.0
0.3846153846153846,0.0,0.0,1.0,0.0,0.025,0.8571428571428571,0.02015390252839868,0.576923076923077,0.0
0.3846153846153846,1.0,0.0,1.0,0.0,0.05,0.8571428571428571,0.5584463173323562,0.8846153846153847,1.0
0.3846153846153846,0.0,0.5,1.0,0.0,0.025,1.0,0.02015390252839868,0.576923076923077,1.0
0.3076923076923077,1.0,0.0,1.0,0.0,0.0,0.8571428571428571,0.4305606449248809,0.38461538461538464,1.0
0.2564102564102564,1.0,0.0,1.0,0.0,0.025,0.8571428571428571,0.4305606449248809,0.38461538461538464,1.0
0.4358974358974359,1.0,0.5,0.0,0.0,0.025,0.42857142857142855,0.042139978013924516,0.11538461538461539,0.0
0.5128205128205128,0.0,0.5,1.0,0.1141422212076247,0.07500000000000001,0.8571428571428571,0.49743495786002195,0.23076923076923078,1.0
0.10256410256410253,0.0,0.0,0.0,0.0,0.0,0.42857142857142855,0.0971051667277391,0.38461538461538464,0.0
0.23076923076923073,0.0,0.0,1.0,0.0,0.05,0.8571428571428571,0.35001099303774275,0.576923076923077,1.0
0.3846153846153846,0.0,1.0,1.0,0.0,0.0,0.2857142857142857,0.01282521069989007,0.7307692307692308,0.0
0.3846153846153846,0.0,0.0,1.0,0.1141422212076247,0.07500000000000001,0.8571428571428571,0.6231220227189447,0.3076923076923077,1.0
0.3589743589743589,0.0,0.5,0.0,0.0,0.025,0.8571428571428571,0.1629424697691462,0.38461538461538464,0.0
0.3846153846153846,1.0,0.5,1.0,0.0,0.025,1.0,0.02015390252839868,0.576923076923077,0.0
0.20512820512820518,0.0,0.5,0.0,0.0,0.05,0.8571428571428571,0.1160388420666911,0.3076923076923077,0.0
0.3846153846153846,0.0,0.5,0.0,0.0,0.025,1.0,0.01044338585562477,0.3076923076923077,0.0
0.17948717948717952,1.0,1.0,1.0,0.0,0.025,1.0,0.0,1.0,0.0
0.23076923076923073,0.0,0.5,0.0,0.0,0.07500000000000001,0.8571428571428571,0.04030780505679736,0.0,0.0
0.6153846153846153,1.0,0.5,1.0,0.17121333181143705,0.0,0.2857142857142857,0.07594356907292048,0.0,0.0
0.3589743589743589,1.0,1.0,1.0,0.0,0.0,0.8571428571428571,0.016489556614144377,0.0,1.0
0.3589743589743589,0.0,0.5,1.0,0.0,0.0,0.8571428571428571,0.04030780505679736,0.0,1.0
0.33333333333333337,1.0,0.0,0.0,0.0,0.125,0.8571428571428571,0.09527299377061195,0.576923076923077,0.0
0.46153846153846156,1.0,0.0,1.0,0.1141422212076247,0.025,0.8571428571428571,0.16572004397215098,0.9615384615384616,1.0
0.3846153846153846,1.0,1.0,1.0,0.0,0.0,0.8571428571428571,0.08995969219494321,0.38461538461538464,1.0
0.41025641025641024,1.0,1.0,1.0,0.0,0.0,0.8571428571428571,0.023818248442652987,0.38461538461538464,1.0
0.33333333333333337,0.0,0.0,0.0,0.0,0.0,0.8571428571428571,0.047636496885305975,0.38461538461538464,0.0
0.2564102564102564,0.0,0.0,0.0,0.0,0.025,0.8571428571428571,0.08971784536460242,0.38461538461538464,0.0
0.3589743589743589,0.0,0.0,0.0,0.0,0.1,0.8571428571428571,0.11483693660681568,0.576923076923077,0.0
0.5384615384615384,1.0,0.0,1.0,0.0,0.025,0.8571428571428571,0.25609014290949067,0.8846153846153847,1.0
0.3846153846153846,1.0,0.5,0.0,0.0,0.025,1.0,0.0,1.0,0.0
0.3076923076923077,0.0,0.0,1.0,0.0,0.05,0.8571428571428571,0.47636496885305973,0.3076923076923077,1.0
0.4358974358974359,0.0,1.0,1.0,0.0,0.05,0.8571428571428571,0.2674972517405643,0.38461538461538464,0.0
0.28205128205128205,1.0,0.5,0.0,0.0,0.025,1.0,0.0,1.0,0.0
0.3076923076923077,1.0,0.5,0.0,0.0,0.025,1.0,0.0,1.0,0.0
0.4871794871794871,0.0,0.0,1.0,0.0,0.07500000000000001,0.8571428571428571,0.4104067423964822,0.46153846153846156,1.0
0.2564102564102564,0.0,0.5,0.0,0.0,0.675,0.42857142857142855,0.09344082081348479,0.8076923076923077,0.0
0.5128205128205128,1.0,0.0,1.0,0.0,0.1,0.42857142857142855,0.4268962990106266,0.8076923076923077,1.0
0.3589743589743589,0.0,0.5,1.0,0.0,0.025,0.8571428571428571,0.21436423598387688,0.42307692307692313,0.0
0.6410256410256411,0.0,0.0,1.0,0.0,0.07500000000000001,0.42857142857142855,0.5137412971784536,0.2692307692307693,1.0
0.6153846153846153,0.0,0.0,0.0,0.0,0.025,0.5714285714285714,0.042139978013924516,0.8846153846153847,0.0
0.3846153846153846,0.0,1.0,0.0,0.0,0.0,0.5714285714285714,0.0,1.0,0.0
0.33333333333333337,1.0,0.0,1.0,0.1141422212076247,0.07500000000000001,0.8571428571428571,0.49037376328325394,0.3076923076923077,1.0
0.3589743589743589,0.0,0.0,1.0,0.1141422212076247,0.07500000000000001,0.8571428571428571,0.49037376328325394,0.3076923076923077,1.0
0.717948717948718,0.0,0.5,0.0,0.1141422212076247,0.07500000000000001,0.8571428571428571,0.021436423598387686,0.38461538461538464,0.0
0.5128205128205128,1.0,0.0,1.0,0.0,0.0,0.8571428571428571,0.0348112861854159,0.576923076923077,0.0
0.3076923076923077,1.0,0.0,0.0,0.0,0.0,0.8571428571428571,0.1905459875412239,0.5,0.0
0.6666666666666666,0.0,1.0,0.0,0.0,0.42500000000000004,0.8571428571428571,0.4580432392817882,0.8846153846153847,0.0
0.4358974358974359,0.0,0.0,1.0,0.0,0.07500000000000001,0.8571428571428571,0.5294979846097472,0.3076923076923077,1.0
0.3589743589743589,1.0,0.0,0.0,0.0,0.025,0.8571428571428571,0.1740564309270795,0.38461538461538464,0.0
0.41025641025641024,0.0,0.5,0.0,0.0,0.025,1.0,0.014598754122389155,0.38461538461538464,0.0
0.5128205128205128,1.0,0.0,1.0,0.0,0.025,0.8571428571428571,0.3755954562110663,0.576923076923077,1.0
0.41025641025641024,1.0,0.0,1.0,0.0,0.07500000000000001,0.42857142857142855,0.38438988640527666,0.8076923076923077,1.0
0.4871794871794871,1.0,0.0,1.0,0.0,0.05,0.8571428571428571,0.40124587761084646,0.576923076923077,1.0
0.1282051282051282,1.0,0.0,0.0,0.0,0.025,1.0,0.0,1.0,0.0
0.3076923076923077,0.0,0.0,0.0,0.0,0.17500000000000002,0.8571428571428571,0.5014107731769879,0.11538461538461539,0.0
0.5641025641025641,1.0,0.0,1.0,0.0,0.025,0.8571428571428571,0.4801648955661414,0.8846153846153847,1.0
0.4358974358974359,0.0,0.0,1.0,0.0,0.05,0.8571428571428571,0.4801648955661414,0.8846153846153847,1.0
0.717948717948718,0.0,0.5,1.0,0.0,0.025,0.8571428571428571,0.1509234151703921,0.576923076923077,1.0
0.3076923076923077,1.0,0.0,1.0,0.0,0.07500000000000001,0.8571428571428571,0.3324514474166361,0.576923076923077,1.0
0.2564102564102564,0.0,0.0,1.0,0.0,0.05,0.8571428571428571,0.36643459142543056,0.8846153846153847,1.0
0.23076923076923073,0.0,0.5,1.0,0.0,0.1,0.8571428571428571,0.5388017588860389,0.6538461538461539,1.0
0.41025641025641024,1.0,0.0,0.0,0.0,0.025,0.7142857142857142,0.24550018321729572,0.576923076923077,0.0
0.33333333333333337,1.0,0.0,1.0,0.0,0.025,0.8571428571428571,0.1392451447416636,0.3076923076923077,1.0
0.3076923076923077,1.0,0.5,0.0,0.0,0.025,0.8571428571428571,0.01832172957127153,0.0,0.0
0.3846153846153846,0.0,0.5,0.0,0.0,0.07500000000000001,0.8571428571428571,0.13741297178453646,0.8846153846153847,0.0
0.20512820512820518,1.0,0.5,0.0,0.0,1.0,0.14285714285714285,0.12641993404177354,0.38461538461538464,0.0
0.2564102564102564,1.0,0.0,1.0,0.0,0.05,0.8571428571428571,0.4140710883107365,0.8846153846153847,1.0
0.20512820512820518,0.0,0.0,0.0,0.0,0.0,0.8571428571428571,0.15390252839868082,0.38461538461538464,0.0
0.3076923076923077,1.0,0.5,0.0,0.0,0.1,0.8571428571428571,0.014657383657017221,0.0,0.0
0.4358974358974359,1.0,0.0,1.0,0.0,0.125,0.8571428571428571,0.5807988274093074,0.11538461538461539,1.0
0.3076923076923077,1.0,0.5,0.0,0.0,0.025,1.0,0.03627702455111762,0.2692307692307693,0.0
0.3589743589743589,0.0,0.5,0.0,0.0,0.0,0.42857142857142855,0.04030780505679736,0.0,0.0
0.3846153846153846,1.0,0.0,1.0,0.0,0.07500000000000001,0.8571428571428571,0.45987541223891537,0.3076923076923077,1.0
0.9999999999999999,0.0,0.5,0.0,0.0,0.025,1.0,0.042139978013924516,0.11538461538461539,0.0
0.3846153846153846,0.0,0.0,0.0,0.0,0.0,0.42857142857142855,0.062293880542323196,0.8076923076923077,0.0
0.28205128205128205,1.0,0.0,1.0,0.0,0.1,0.8571428571428571,0.5606449248809088,0.46153846153846156,1.0
0.3076923076923077,0.0,1.0,0.0,0.0,0.025,0.5714285714285714,0.023818248442652987,0.576923076923077,0.0
0.28205128205128205,1.0,0.0,0.0,0.0,0.025,0.8571428571428571,0.0434481495053133,0.8846153846153847,0.0
0.4358974358974359,1.0,1.0,0.0,0.0,0.0,0.8571428571428571,0.06412605349945034,0.38461538461538464,0.0
0.4358974358974359,1.0,0.0,1.0,0.0,0.07500000000000001,0.8571428571428571,0.5121509710516673,0.3076923076923077,1.0
0.46153846153846156,1.0,0.0,1.0,0.0,0.05,0.8571428571428571,0.3013924514474166,0.576923076923077,1.0
0.3589743589743589,0.0,0.0,1.0,0.0,0.1,0.8571428571428571,0.5972883840234519,0.11538461538461539,1.0
0.3846153846153846,1.0,0.0,0.0,0.0,0.0,0.42857142857142855,0.04946866984243312,0.38461538461538464,0.0
0.33333333333333337,1.0,0.0,1.0,0.0,0.025,0.8571428571428571,0.2052033711982411,0.38461538461538464,0.0
0.5128205128205128,0.0,1.0,1.0,0.0,0.05,0.8571428571428571,0.6649835104433859,0.0,1.0
0.17948717948717952,1.0,1.0,0.0,0.0,0.025,1.0,0.01282521069989007,0.7307692307692308,0.0
0.1282051282051282,1.0,0.5,1.0,0.0,0.0,0.8571428571428571,0.04506412605349945,1.0,1.0
0.4358974358974359,1.0,0.5,0.0,0.0,0.025,1.0,0.0,1.0,0.0
0.28205128205128205,0.0,0.5,0.0,0.0,0.025,0.8571428571428571,0.02565042139978014,0.38461538461538464,0.0
0.3589743589743589,1.0,0.0,1.0,0.0,0.05,0.8571428571428571,0.26566507878343715,0.576923076923077,1.0
0.3846153846153846,0.0,0.0,0.0,0.0,0.0,0.8571428571428571,0.09527299377061195,0.576923076923077,0.0
0.33333333333333337,0.0,0.5,0.0,0.05707111060381235,0.1,0.8571428571428571,0.04873580065958227,0.38461538461538464,0.0
0.3076923076923077,0.0,0.0,0.0,0.0,0.1,0.8571428571428571,0.30414071088310735,0.38461538461538464,0.0
0.3076923076923077,1.0,0.5,0.0,0.0,0.025,0.8571428571428571,0.13014290949065593,0.576923076923077,0.0
0.41025641025641024,1.0,0.0,1.0,0.1141422212076247,0.1,0.8571428571428571,0.4309454012458776,0.11538461538461539,1.0
0.2564102564102564,1.0,0.0,0.0,0.1141422212076247,0.025,0.8571428571428571,0.050861121289849764,0.38461538461538464,0.0
0.33333333333333337,0.0,0.5,0.0,0.0,0.025,0.8571428571428571,0.012293880542323193,0.576923076923077,0.0
0.5641025641025641,0.0,0.5,1.0,0.0,0.0,0.8571428571428571,0.03627702455111762,0.0,1.0
0.4358974358974359,0.0,0.5,0.0,0.1141422212076247,0.025,0.8571428571428571,0.12861854159032612,0.6923076923076923,0.0
0.6410256410256411,0.0,0.0,1.0,0.0,0.05,0.8571428571428571,0.23818248442652987,0.576923076923077,1.0
0.3589743589743589,0.0,0.0,1.0,0.0,0.05,0.8571428571428571,0.36826676438255773,0.8846153846153847,1.0
0.4358974358974359,0.0,0.5,1.0,0.0,0.025,0.8571428571428571,0.10260168559912056,0.46153846153846156,0.0
0.46153846153846156,0.0,0.5,1.0,0.0,0.025,0.14285714285714285,0.4140710883107365,0.3076923076923077,1.0
0.41025641025641024,0.0,0.0,1.0,0.1141422212076247,0.025,0.8571428571428571,0.0659582264565775,0.576923076923077,1.0
0.41025641025641024,1.0,0.0,1.0,0.1141422212076247,0.025,0.8571428571428571,0.0,1.0,1.0
0.5641025641025641,0.0,0.0,0.0,0.0,0.0,0.8571428571428571,0.13363136680102602,0.8846153846153847,0.0
0.28205128205128205,0.0,0.5,0.0,0.0,0.0,0.8571428571428571,0.06192744595089776,0.8846153846153847,0.0
0.6666666666666666,0.0,0.5,1.0,0.0,0.025,0.8571428571428571,0.21967020886771713,0.3076923076923077,0.0
0.46153846153846156,0.0,0.0,0.0,0.0,0.07500000000000001,0.8571428571428571,0.1498241113961158,0.576923076923077,0.0
0.4358974358974359,0.0,1.0,1.0,0.0,0.05,0.8571428571428571,0.42710883107365333,0.34615384615384615,1.0
0.6410256410256411,0.0,0.0,1.0,0.0,0.025,0.8571428571428571,0.1961011359472334,0.8846153846153847,0.0
0.3076923076923077,1.0,0.0,1.0,0.0,0.025,0.8571428571428571,0.1978746793697325,0.3076923076923077,1.0
0.6923076923076922,1.0,0.0,1.0,0.0,0.05,0.8571428571428571,0.40189446683766944,0.46153846153846156,1.0
0.5897435897435898,0.0,0.0,1.0,0.0,0.025,0.8571428571428571,0.37193111029681203,0.46153846153846156,1.0
0.28205128205128205,0.0,0.0,0.0,0.0,0.225,0.8571428571428571,0.15023818248442652,0.0,0.0
0.7435897435897435,0.0,0.0,1.0,0.0,0.025,0.8571428571428571,0.40491022352510075,0.8846153846153847,1.0
0.2564102564102564,1.0,0.0,0.0,0.0,0.0,0.5714285714285714,0.058629534628068886,0.7692307692307693,0.0
0.717948717948718,1.0,0.5,1.0,0.0,0.025,0.8571428571428571,0.023818248442652987,0.576923076923077,0.0
0.3846153846153846,1.0,0.5,0.0,0.0,0.0,0.8571428571428571,0.06684499816782703,0.38461538461538464,0.0
0.41025641025641024,0.0,0.0,1.0,0.0,0.025,0.8571428571428571,0.17222425796995236,0.8846153846153847,0.0
0.46153846153846156,0.0,0.0,1.0,0.0,0.1,0.8571428571428571,0.40869549285452544,0.46153846153846156,1.0
0.5384615384615384,0.0,0.0,1.0,0.0,0.05,0.8571428571428571,0.44521802858189813,0.3076923076923077,1.0
0.4358974358974359,0.0,0.0,1.0,0.0,0.05,0.8571428571428571,0.24734334921216564,0.8846153846153847,1.0
0.4358974358974359,0.0,0.0,1.0,0.0,0.05,0.8571428571428571,0.3151337486258703,0.8846153846153847,1.0
0.9487179487179488,0.0,0.0,1.0,0.0,0.05,0.8571428571428571,0.2803224624404544,0.8846153846153847,1.0
0.20512820512820518,1.0,0.0,1.0,0.0,0.1,0.8571428571428571,0.45280322462440453,0.6538461538461539,1.0
0.33333333333333337,1.0,0.0,0.0,0.0,0.025,0.8571428571428571,0.05130084279956028,0.38461538461538464,0.0
0.3846153846153846,0.0,0.0,0.0,0.0,0.025,0.8571428571428571,0.05130084279956028,0.38461538461538464,0.0
0.717948717948718,0.0,0.0,1.0,0.0,0.025,0.8571428571428571,0.23818248442652987,0.576923076923077,0.0
0.8717948717948717,1.0,0.5,0.0,0.0,0.1,0.8571428571428571,0.08274459508977647,0.6153846153846154,0.0
0.3846153846153846,0.0,0.0,1.0,0.0,0.05,0.8571428571428571,0.33345547819714183,0.38461538461538464,1.0
0.3076923076923077,1.0,0.0,1.0,0.0,0.07500000000000001,0.8571428571428571,0.2748259435690729,0.3076923076923077,0.0
0.4358974358974359,0.0,0.0,0.0,0.0,0.0,0.8571428571428571,0.023818248442652987,0.576923076923077,0.0
0.46153846153846156,1.0,0.0,0.0,0.0,0.025,0.42857142857142855,0.12458776108464639,0.8076923076923077,0.0
0.3076923076923077,1.0,0.0,1.0,0.0,0.05,0.8571428571428571,0.35047270062293884,0.6538461538461539,1.0
0.4358974358974359,0.0,0.0,1.0,0.0,0.05,0.8571428571428571,0.311469402711616,0.8846153846153847,0.0
0.33333333333333337,1.0,0.5,1.0,0.0,0.05,0.8571428571428571,0.5043788933675339,0.11538461538461539,1.0
0.33333333333333337,0.0,0.0,1.0,0.0,0.025,0.42857142857142855,0.40674239648222793,0.8846153846153847,1.0
0.6666666666666666,0.0,0.5,1.0,0.0,0.05,0.8571428571428571,0.4696592158299744,0.6923076923076923,1.0
0.3076923076923077,1.0,0.0,0.0,0.1141422212076247,0.0,0.8571428571428571,0.12678636863319898,0.8846153846153847,0.0
0.9999999999999999,0.0,0.5,0.0,0.0,0.15000000000000002,0.8571428571428571,0.06046170758519604,0.6153846153846154,0.0
0.41025641025641024,0.0,0.0,0.0,0.0,0.0,0.5714285714285714,0.17588860388420666,0.38461538461538464,0.0
0.3846153846153846,0.0,0.5,0.0,0.0,0.1,0.8571428571428571,0.02565042139978014,0.38461538461538464,0.0
0.3846153846153846,0.0,0.5,1.0,0.0,0.0,0.8571428571428571,0.01832172957127153,0.0,1.0
0.4871794871794871,0.0,0.0,1.0,0.0,0.07500000000000001,0.8571428571428571,0.395749358739465,0.46153846153846156,1.0
0.23076923076923073,1.0,0.0,0.0,0.0,0.05,0.8571428571428571,0.07683034078417002,0.38461538461538464,0.0
0.4358974358974359,0.0,0.0,1.0,0.0,0.05,0.8571428571428571,0.233847563209967,0.8846153846153847,0.0
0.3076923076923077,1.0,0.0,1.0,0.0,0.025,0.8571428571428571,0.1044338585562477,0.3076923076923077,0.0
0.4358974358974359,0.0,1.0,0.0,0.0,0.125,0.8571428571428571,0.016244045437889335,0.38461538461538464,0.0
0.17948717948717952,1.0,0.5,1.0,0.0,0.025,0.8571428571428571,0.038475632099670205,0.7307692307692308,0.0
0.3076923076923077,0.0,0.0,1.0,0.0,0.07500000000000001,0.8571428571428571,0.45280322462440453,0.6538461538461539,1.0
0.0,1.0,0.5,0.0,0.0,0.025,0.8571428571428571,0.01282521069989007,0.8846153846153847,0.0
0.3589743589743589,0.0,0.0,1.0,0.0,0.1,0.8571428571428571,0.49768046903627705,0.11538461538461539,1.0
0.6923076923076922,1.0,0.5,0.0,0.0,0.0,0.42857142857142855,0.08427995602784903,0.11538461538461539,0.0
0.7692307692307693,0.0,0.0,1.0,0.0,0.025,0.8571428571428571,0.28227555881275196,0.8846153846153847,1.0
0.5384615384615384,0.0,0.0,0.0,0.0,0.025,0.8571428571428571,0.08989739831440088,0.576923076923077,0.0
0.6410256410256411,0.0,0.5,1.0,0.0,0.07500000000000001,0.8571428571428571,0.32713448149505314,0.46153846153846156,1.0
0.28205128205128205,1.0,0.0,1.0,0.0,0.07500000000000001,0.8571428571428571,0.4289849761817516,0.6538461538461539,1.0
0.46153846153846156,0.0,0.0,1.0,0.0,0.025,0.8571428571428571,0.4051520703554416,0.8846153846153847,1.0
0.41025641025641024,0.0,0.5,1.0,0.0,0.07500000000000001,0.8571428571428571,0.38066324661048,0.46153846153846156,1.0
0.3846153846153846,0.0,0.5,1.0,0.0,0.07500000000000001,0.8571428571428571,0.4345437889336753,0.6538461538461539,1.0
0.4358974358974359,0.0,0.0,0.0,0.0,0.025,0.8571428571428571,0.05319530963722975,0.576923076923077,0.0
0.3846153846153846,0.0,0.5,0.0,0.0,0.025,1.0,0.24331256870648588,0.38461538461538464,0.0
0.5128205128205128,0.0,0.0,1.0,0.0,0.025,0.8571428571428571,0.17326493220960057,0.46153846153846156,1.0
0.4871794871794871,1.0,0.0,1.0,0.0,0.05,0.8571428571428571,0.3691828508611213,0.3076923076923077,1.0
0.5128205128205128,0.0,0.0,1.0,0.0,0.025,0.7142857142857142,0.24917552216929278,0.8846153846153847,0.0
0.7948717948717948,1.0,0.0,1.0,0.0,0.025,0.8571428571428571,0.29681201905459875,0.38461538461538464,1.0
0.3846153846153846,1.0,0.0,1.0,0.0,0.0,0.8571428571428571,0.062293880542323196,0.8846153846153847,0.0
0.3846153846153846,0.0,0.0,1.0,0.0,0.05,0.8571428571428571,0.2913155001832173,0.576923076923077,1.0
0.15384615384615385,1.0,0.0,1.0,0.0,0.05,0.8571428571428571,0.29314767314034446,0.46153846153846156,1.0
0.17948717948717952,0.0,0.0,0.0,0.0,0.0,0.8571428571428571,0.047636496885305975,0.576923076923077,0.0
0.6666666666666666,0.0,1.0,0.0,0.0,0.0,0.8571428571428571,0.023818248442652987,0.576923076923077,0.0
0.20512820512820518,0.0,0.0,1.0,0.0,0.07500000000000001,0.8571428571428571,0.311469402711616,0.46153846153846156,1.0
0.23076923076923073,1.0,0.5,0.0,0.0,0.025,1.0,0.0,1.0,0.0
0.8205128205128206,1.0,0.0,0.0,0.0,0.025,0.8571428571428571,0.031146940271161598,0.8846153846153847,0.0
0.28205128205128205,0.0,0.0,1.0,0.0,0.05,0.8571428571428571,0.3407841700256504,0.11538461538461539,1.0
0.28205128205128205,1.0,0.0,1.0,0.0,0.07500000000000001,0.8571428571428571,0.4690362770245511,0.11538461538461539,1.0
0.5384615384615384,0.0,0.0,1.0,0.0,0.025,0.8571428571428571,0.3261267863686332,0.8846153846153847,1.0
0.17948717948717952,0.0,1.0,1.0,0.0,0.025,0.8571428571428571,0.04014657383657017,0.576923076923077,0.0
0.5641025641025641,0.0,0.5,1.0,0.0,0.025,0.8571428571428571,0.22352510076951265,0.576923076923077,1.0
0.3846153846153846,0.0,0.0,1.0,0.0,0.05,0.8571428571428571,0.46353975815316967,0.11538461538461539,1.0
0.23076923076923073,0.0,0.0,0.0,0.0,0.07500000000000001,0.8571428571428571,0.08439721509710517,0.8846153846153847,0.0
0.28205128205128205,1.0,0.0,0.0,0.0,0.025,0.8571428571428571,0.03971784536460242,0.38461538461538464,0.0
0.28205128205128205,0.0,0.0,1.0,0.0,0.0,0.42857142857142855,0.04858189813118359,0.38461538461538464,0.0
0.3846153846153846,0.0,0.0,1.0,0.1141422212076247,0.1,0.42857142857142855,0.7790912422132649,0.2692307692307693,1.0
0.4358974358974359,1.0,0.0,1.0,0.0,0.05,0.8571428571428571,0.3275448882374496,0.8846153846153847,1.0
0.3589743589743589,1.0,0.0,0.0,0.0,0.07500000000000001,0.8571428571428571,0.06388787101502381,0.11538461538461539,0.0
0.33333333333333337,1.0,0.5,1.0,0.0,0.025,0.8571428571428571,0.13049835104433857,0.576923076923077,0.0
0.28205128205128205,0.0,0.5,1.0,0.0,0.05,0.8571428571428571,0.41912788567240744,0.6538461538461539,1.0
0.3846153846153846,0.0,0.5,1.0,0.0,0.0,0.8571428571428571,0.08061561011359472,0.0,1.0
0.28205128205128205,0.0,0.0,0.0,0.0,0.05,0.8571428571428571,0.34261634298277754,1.0,0.0
0.3076923076923077,1.0,0.5,1.0,0.0,0.025,0.8571428571428571,0.22578600219860753,0.8846153846153847,1.0
0.6153846153846153,0.0,0.0,1.0,0.0,0.0,0.8571428571428571,0.1593990472700623,0.8846153846153847,1.0
0.3589743589743589,1.0,0.0,1.0,0.0,0.05,0.8571428571428571,0.21619640894100403,0.3076923076923077,1.0
0.33333333333333337,0.0,0.0,1.0,0.0,0.025,0.8571428571428571,0.1355807988274093,0.8846153846153847,0.0
0.3846153846153846,0.0,0.5,0.0,0.0,0.025,1.0,0.010993037742762916,0.7692307692307693,0.0
0.3846153846153846,0.0,0.5,0.0,0.0,0.025,0.42857142857142855,0.09344082081348479,0.8076923076923077,0.0
0.2564102564102564,0.0,0.0,1.0,0.0,0.025,0.8571428571428571,0.2803224624404544,0.8846153846153847,1.0
0.3589743589743589,1.0,0.5,0.0,0.0,0.225,0.8571428571428571,0.02565042139978014,0.38461538461538464,0.0
0.41025641025641024,1.0,0.5,0.0,0.0,0.125,0.8571428571428571,0.02565042139978014,0.38461538461538464,0.0
0.4871794871794871,1.0,0.5,0.0,0.0,0.025,0.8571428571428571,0.02565042139978014,0.38461538461538464,0.0
0.5128205128205128,0.0,0.5,0.0,0.0,0.225,0.8571428571428571,0.02565042139978014,0.38461538461538464,0.0
0.6153846153846153,0.0,0.5,0.0,0.0,0.0,0.8571428571428571,0.031146940271161598,0.8846153846153847,0.0
0.28205128205128205,1.0,0.0,0.0,0.0,0.05,0.8571428571428571,0.15023818248442652,0.38461538461538464,0.0
0.2564102564102564,1.0,0.0,1.0,0.0,0.0,0.8571428571428571,0.10260168559912056,0.38461538461538464,0.0
0.3846153846153846,0.0,0.0,0.0,0.0,0.0,0.8571428571428571,0.058629534628068886,0.576923076923077,0.0
0.28205128205128205,0.0,0.5,1.0,0.1141422212076247,0.0,0.8571428571428571,0.1449248809087578,0.38461538461538464,1.0
0.6153846153846153,0.0,0.0,1.0,0.0,0.05,0.8571428571428571,0.2949798460974716,0.46153846153846156,1.0
0.3846153846153846,0.0,0.0,1.0,0.0,0.025,0.8571428571428571,0.2990106266031513,0.8846153846153847,1.0
0.4358974358974359,0.0,0.5,1.0,0.0,0.0,0.8571428571428571,0.04030780505679736,0.0,1.0
0.3076923076923077,1.0,0.0,1.0,0.0,0.15000000000000002,0.8571428571428571,0.47086844998167826,0.11538461538461539,1.0
0.5128205128205128,0.0,0.0,0.0,0.0,0.15000000000000002,0.8571428571428571,0.016855991205569805,0.11538461538461539,0.0
0.3846153846153846,0.0,0.0,0.0,0.0,0.1,0.8571428571428571,0.016855991205569805,0.11538461538461539,0.0
0.3846153846153846,0.0,0.0,1.0,0.0,0.025,0.42857142857142855,0.2543679003297911,0.8076923076923077,1.0
0.6923076923076922,0.0,0.5,0.0,0.0,0.025,0.8571428571428571,0.042139978013924516,0.11538461538461539,0.0
0.46153846153846156,1.0,0.5,0.0,0.0,0.025,0.8571428571428571,0.042139978013924516,0.11538461538461539,0.0
0.33333333333333337,0.0,0.0,0.0,0.0,0.0,0.8571428571428571,0.1355807988274093,0.5,0.0
0.41025641025641024,0.0,0.5,0.0,0.0,0.025,0.8571428571428571,0.09197508244778307,0.8846153846153847,0.0
0.3076923076923077,0.0,0.5,0.0,0.0,0.025,1.0,0.007328691828508611,0.7692307692307693,0.0
0.5384615384615384,1.0,0.0,1.0,0.0,0.07500000000000001,0.8571428571428571,0.1640417735434225,0.46153846153846156,1.0
0.3846153846153846,0.0,0.0,1.0,0.0,0.07500000000000001,0.8571428571428571,0.40521436423598384,0.11538461538461539,1.0
0.3589743589743589,1.0,0.5,0.0,0.0,0.05,0.8571428571428571,0.09399047270062294,0.34615384615384615,0.0
0.5897435897435898,0.0,0.0,1.0,0.0,0.05,0.8571428571428571,0.33345547819714183,0.3076923076923077,1.0
0.33333333333333337,1.0,0.0,1.0,0.0,0.05,0.8571428571428571,0.3810919750824478,0.3076923076923077,1.0
0.3846153846153846,0.0,0.5,0.0,0.0,0.0,0.8571428571428571,0.01832172957127153,0.0,0.0
0.3846153846153846,1.0,0.5,0.0,0.0,0.0,0.8571428571428571,0.01832172957127153,0.0,0.0
0.7948717948717948,0.0,0.0,1.0,0.0,0.025,0.8571428571428571,0.22718944668376695,0.8846153846153847,1.0
0.33333333333333337,0.0,0.0,1.0,0.0,0.05,0.8571428571428571,0.3371198241113961,0.8846153846153847,1.0
0.6153846153846153,0.0,0.0,1.0,0.0,0.025,0.8571428571428571,0.23635031146940272,0.8846153846153847,1.0
0.3076923076923077,1.0,0.5,0.0,0.0,0.025,1.0,0.014657383657017221,0.7692307692307693,0.0
0.3076923076923077,0.0,0.0,1.0,0.0,0.05,0.42857142857142855,0.30242579699523636,0.8846153846153847,1.0
0.33333333333333337,0.0,0.0,0.0,0.0,0.05,0.8571428571428571,0.08439721509710517,0.8846153846153847,0.0
0.33333333333333337,1.0,0.0,0.0,0.0,0.05,0.8571428571428571,0.19811286185415902,0.46153846153846156,0.0
0.33333333333333337,0.0,0.5,0.0,0.0,0.025,0.8571428571428571,0.07328691828508611,0.11538461538461539,0.0
0.6666666666666666,0.0,0.5,0.0,0.0,0.0,0.8571428571428571,0.0,1.0,0.0
0.41025641025641024,1.0,0.5,1.0,0.0,0.05,0.8571428571428571,0.3462806888970319,0.3076923076923077,1.0
0.5384615384615384,0.0,0.0,1.0,0.0,0.07500000000000001,0.8571428571428571,0.3609380725540491,0.11538461538461539,1.0
0.46153846153846156,0.0,0.0,0.0,0.0,0.0,0.8571428571428571,0.09344082081348479,0.8846153846153847,0.0
0.2564102564102564,1.0,0.5,0.0,0.0,0.1,0.8571428571428571,0.05130084279956028,0.38461538461538464,0.0
0.3076923076923077,0.0,0.5,0.0,0.0,0.025,1.0,0.01832172957127153,0.0,0.0
0.3846153846153846,0.0,0.5,0.0,0.0,0.025,0.8571428571428571,0.0,1.0,0.0
0.3076923076923077,0.0,0.5,0.0,0.0,0.07500000000000001,0.8571428571428571,0.4423231953096372,0.11538461538461539,0.0
0.4358974358974359,0.0,0.5,0.0,0.0,0.05,0.8571428571428571,0.25298644192011727,0.38461538461538464,0.0
0.28205128205128205,0.0,0.0,0.0,0.0,0.05,0.8571428571428571,0.18688164162696957,0.8846153846153847,0.0
0.23076923076923073,1.0,0.0,1.0,0.0,0.0,0.8571428571428571,0.12458776108464639,0.8846153846153847,0.0
0.8974358974358975,1.0,0.5,0.0,0.0,0.025,0.8571428571428571,0.023818248442652987,0.576923076923077,0.0
0.41025641025641024,1.0,0.0,1.0,0.0,0.0,0.8571428571428571,0.1703920850128252,0.38461538461538464,1.0
0.33333333333333337,0.0,0.5,1.0,0.0,0.05,0.8571428571428571,0.36277024551117626,0.3076923076923077,1.0
0.4358974358974359,1.0,0.0,1.0,0.0,0.025,0.8571428571428571,0.24917552216929278,0.8846153846153847,1.0
0.2564102564102564,0.0,0.0,1.0,0.0,0.025,0.8571428571428571,0.23818248442652987,0.8846153846153847,1.0
0.33333333333333337,0.0,0.5,0.0,0.0,0.0,0.8571428571428571,0.057094173689996336,0.11538461538461539,0.0
0.17948717948717952,0.0,0.0,0.0,0.0,0.0,0.8571428571428571,0.08611212898497618,0.46153846153846156,0.0
0.3076923076923077,0.0,0.0,1.0,0.0,0.0,0.8571428571428571,0.18688164162696957,0.8846153846153847,1.0
0.3076923076923077,1.0,0.5,0.0,0.0,0.0,0.8571428571428571,0.031146940271161598,0.46153846153846156,0.0
0.33333333333333337,1.0,0.5,1.0,0.0,0.025,0.2857142857142857,0.1942103334554782,0.0,1.0
0.2564102564102564,0.0,0.5,0.0,0.0,0.025,0.8571428571428571,0.05130084279956028,0.38461538461538464,0.0
0.17948717948717952,0.0,0.0,1.0,0.0,0.025,0.42857142857142855,0.2685342616342983,0.2692307692307693,1.0
0.3846153846153846,0.0,0.0,1.0,0.0,0.025,0.8571428571428571,0.08464639061927445,0.46153846153846156,0.0
0.33333333333333337,1.0,0.0,1.0,0.0,0.025,0.2857142857142857,0.077867350677904,0.8846153846153847,1.0
0.28205128205128205,1.0,0.0,1.0,0.0,0.025,0.8571428571428571,0.2510076951264199,0.3076923076923077,1.0
0.33333333333333337,1.0,0.5,1.0,0.0,0.025,0.8571428571428571,0.25833638695492855,0.3076923076923077,1.0
0.46153846153846156,0.0,0.5,0.0,0.0,0.0,0.8571428571428571,0.0348112861854159,0.7692307692307693,0.0
0.3589743589743589,1.0,0.5,1.0,0.0,0.0,0.8571428571428571,0.09344082081348479,0.8846153846153847,0.0
0.20512820512820518,0.0,0.0,1.0,0.0,0.025,0.8571428571428571,0.10876877977281055,0.46153846153846156,0.0
0.3846153846153846,1.0,0.5,1.0,0.0,0.0,0.8571428571428571,0.02565042139978014,0.7307692307692308,1.0
0.46153846153846156,0.0,0.0,1.0,0.0,0.025,0.8571428571428571,0.1954305606449249,0.8846153846153847,1.0
0.3076923076923077,0.0,0.0,0.0,0.0,0.15000000000000002,0.8571428571428571,0.1703920850128252,0.11538461538461539,0.0
0.23076923076923073,1.0,0.0,1.0,0.0,0.0,0.8571428571428571,0.05899596921949432,0.38461538461538464,0.0
0.3076923076923077,0.0,0.0,1.0,0.0,0.0,0.8571428571428571,0.1102968120190546,0.38461538461538464,0.0
0.4871794871794871,1.0,0.0,0.0,0.0,0.025,0.8571428571428571,0.12806888970318797,0.576923076923077,0.0
0.5384615384615384,0.0,0.0,0.0,0.0,0.025,0.8571428571428571,0.05478197141810187,0.576923076923077,0.0
0.4358974358974359,0.0,0.5,1.0,0.0,0.0,0.42857142857142855,0.062293880542323196,0.46153846153846156,0.0
0.3846153846153846,0.0,0.5,0.0,0.0,0.0,0.14285714285714285,0.02015390252839868,0.6153846153846154,0.0
0.3589743589743589,0.0,0.0,1.0,0.0,0.025,0.8571428571428571,0.20153902528398682,0.3076923076923077,1.0
0.3846153846153846,0.0,0.5,1.0,0.0,0.0,0.8571428571428571,0.04030780505679736,0.0,1.0
0.2564102564102564,1.0,0.0,1.0,0.0,0.025,0.8571428571428571,0.155734701355808,0.8846153846153847,1.0
0.3589743589743589,1.0,0.5,1.0,0.0,0.025,0.8571428571428571,0.20337119824111397,0.11538461538461539,1.0
0.46153846153846156,0.0,0.5,0.0,0.0,0.025,0.8571428571428571,0.031146940271161598,0.46153846153846156,0.0
0.33333333333333337,1.0,0.5,1.0,0.0,0.025,0.8571428571428571,0.1703920850128252,0.11538461538461539,1.0
0.4358974358974359,0.0,0.0,1.0,0.0,0.0,0.8571428571428571,0.014657383657017221,0.0,0.0
0.2564102564102564,0.0,0.5,1.0,0.0,0.025,0.8571428571428571,0.08427995602784903,0.11538461538461539,1.0
0.17948717948717952,1.0,0.0,1.0,0.0,0.025,0.8571428571428571,0.05130084279956028,0.7307692307692308,1.0
0.23076923076923073,1.0,0.0,0.0,0.0,0.0,0.8571428571428571,0.01282521069989007,0.7307692307692308,0.0
0.3846153846153846,0.0,0.5,0.0,0.0,0.0,0.42857142857142855,0.02015390252839868,0.6153846153846154,0.0
0.5128205128205128,1.0,0.5,0.0,0.0,0.025,1.0,0.047636496885305975,0.46153846153846156,0.0
0.5641025641025641,0.0,0.5,0.0,0.0,0.0,0.42857142857142855,0.026123122022718947,0.8076923076923077,0.0
0.3846153846153846,0.0,0.5,1.0,0.0,0.0,0.8571428571428571,0.09160864785635764,0.0,1.0
0.3846153846153846,1.0,0.5,1.0,0.0,0.0,0.8571428571428571,0.01832172957127153,0.0,1.0
0.3846153846153846,0.0,0.5,1.0,0.0,0.0,0.8571428571428571,0.10441187248076218,0.0,1.0
0.3589743589743589,0.0,0.0,1.0,0.0,0.0,0.8571428571428571,0.09344082081348479,0.8846153846153847,0.0
0.3846153846153846,0.0,0.5,0.0,0.0,0.225,0.2857142857142857,0.031146940271161598,0.46153846153846156,0.0
0.23076923076923073,1.0,0.5,0.0,0.0,0.1,0.8571428571428571,0.023818248442652987,0.576923076923077,0.0
0.15384615384615385,1.0,0.0,1.0,0.0,0.05,0.8571428571428571,0.181916452913155,0.576923076923077,1.0
0.28205128205128205,1.0,0.5,0.0,0.0,0.025,0.8571428571428571,0.02039208501282521,0.11538461538461539,0.0
0.3846153846153846,0.0,0.0,1.0,0.0,0.05,0.8571428571428571,0.6963539758153169,0.8846153846153847,1.0
0.3589743589743589,0.0,0.0,1.0,0.0,0.025,0.8571428571428571,0.10851227555881275,0.8846153846153847,1.0
0.41025641025641024,0.0,0.0,1.0,0.0,0.05,0.8571428571428571,0.40862220593624043,0.11538461538461539,1.0
0.3076923076923077,1.0,0.0,1.0,0.0,0.0,0.8571428571428571,0.03457310370098937,0.576923076923077,0.0
0.2564102564102564,0.0,0.5,0.0,0.0,0.05,0.8571428571428571,0.010754855258336388,0.576923076923077,0.0
0.10256410256410253,1.0,0.0,1.0,0.0,0.025,0.42857142857142855,0.20094906559179185,0.8076923076923077,1.0
0.17948717948717952,0.0,0.0,1.0,0.0,0.025,0.8571428571428571,0.04320263832905826,0.46153846153846156,1.0
0.4358974358974359,1.0,0.5,0.0,0.0,0.0,0.2857142857142857,0.04030780505679736,0.0,0.0
0.46153846153846156,0.0,0.5,0.0,0.0,0.05,0.8571428571428571,0.07133748625870283,0.8846153846153847,0.0
0.6666666666666666,1.0,0.0,1.0,0.0,0.025,0.8571428571428571,0.15662147306705754,0.11538461538461539,1.0
0.17948717948717952,1.0,0.0,1.0,0.0,0.05,0.8571428571428571,0.26932942469769144,0.11538461538461539,1.0
0.3846153846153846,1.0,0.5,0.0,0.0,0.0,0.8571428571428571,0.014657383657017221,0.0,0.0
0.7435897435897435,1.0,0.0,1.0,0.0,0.025,0.8571428571428571,0.2535507511909124,0.3076923076923077,1.0
0.3846153846153846,0.0,0.0,0.0,0.0,0.025,0.8571428571428571,0.14362037376328324,0.3076923076923077,0.0
0.41025641025641024,0.0,0.0,0.0,0.0,0.05,0.8571428571428571,0.12641993404177354,0.46153846153846156,0.0
0.3846153846153846,0.0,0.0,1.0,0.0,0.0,0.8571428571428571,0.056064492488090874,0.8846153846153847,1.0
0.46153846153846156,1.0,0.0,1.0,0.0,0.025,0.8571428571428571,0.08427995602784903,0.0,1.0
0.5384615384615384,0.0,0.5,1.0,0.0,0.05,0.8571428571428571,0.24184683034078416,0.3076923076923077,1.0
0.5128205128205128,1.0,0.5,1.0,0.0,0.025,0.8571428571428571,0.04946866984243312,0.576923076923077,1.0
0.28205128205128205,0.0,0.0,1.0,0.0,0.025,0.8571428571428571,0.18688164162696957,0.8846153846153847,1.0
0.3076923076923077,0.0,0.0,1.0,0.0,0.0,0.8571428571428571,0.09527299377061195,0.576923076923077,1.0
0.3076923076923077,0.0,0.5,0.0,0.0,0.0,0.42857142857142855,0.0,1.0,0.0
0.3846153846153846,1.0,0.5,0.0,0.0,0.0,0.8571428571428571,0.02015390252839868,0.576923076923077,0.0
0.28205128205128205,1.0,0.5,0.0,0.0,0.0,0.42857142857142855,0.021986075485525832,0.0,0.0
0.3076923076923077,0.0,0.0,1.0,0.0,0.025,0.8571428571428571,0.11005130084279956,0.8846153846153847,1.0
0.28205128205128205,0.0,0.0,0.0,0.0,0.025,0.8571428571428571,0.04775742030047637,0.8846153846153847,0.0
0.5128205128205128,1.0,0.0,1.0,0.0,0.025,0.14285714285714285,0.13148772444118725,0.576923076923077,1.0
0.5641025641025641,0.0,0.0,1.0,0.0,0.025,0.8571428571428571,0.13148772444118725,0.576923076923077,1.0
0.33333333333333337,1.0,0.0,0.0,0.0,0.0,0.8571428571428571,0.07371564675705386,0.8846153846153847,0.0
0.3846153846153846,0.0,0.5,0.0,0.0,0.0,0.7142857142857142,0.04030780505679736,0.0,0.0
0.17948717948717952,1.0,0.5,0.0,0.0,0.025,1.0,0.01282521069989007,0.7307692307692308,0.0
0.41025641025641024,0.0,0.5,0.0,0.0,0.0,0.42857142857142855,0.23964822279223158,0.19230769230769232,0.0
0.6410256410256411,0.0,0.5,1.0,0.0,0.025,0.8571428571428571,0.4366068156834005,0.15384615384615385,1.0
0.46153846153846156,1.0,0.5,0.0,0.0,0.025,0.42857142857142855,0.10773176987907658,0.8846153846153847,0.0
0.41025641025641024,1.0,0.0,1.0,0.05707111060381235,0.1,0.42857142857142855,0.9010736533528766,0.2692307692307693,1.0
0.28205128205128205,1.0,0.0,0.0,0.0,0.025,0.8571428571428571,0.04580432392817882,0.8846153846153847,0.0
0.41025641025641024,0.0,0.0,1.0,0.0,0.025,0.8571428571428571,0.155734701355808,0.8846153846153847,1.0
0.2564102564102564,1.0,0.0,1.0,0.0,0.025,0.8571428571428571,0.155734701355808,0.8846153846153847,1.0
0.28205128205128205,0.0,0.5,1.0,0.0,0.05,0.8571428571428571,0.27299377061194574,0.19230769230769232,0.0
0.5128205128205128,1.0,0.5,0.0,0.0,0.025,0.8571428571428571,0.0659582264565775,0.8846153846153847,0.0
0.3846153846153846,0.0,0.5,0.0,0.0,0.0,0.8571428571428571,0.04030780505679736,0.0,0.0
0.5384615384615384,0.0,0.0,0.0,0.0,0.07500000000000001,0.2857142857142857,0.18138512275558813,0.9615384615384616,0.0
0.1282051282051282,1.0,0.5,0.0,0.0,0.025,0.8571428571428571,0.14474166361304508,0.3076923076923077,0.0
0.5128205128205128,1.0,0.5,0.0,0.0,0.025,0.8571428571428571,0.09344082081348479,0.8846153846153847,0.0
0.23076923076923073,0.0,0.5,0.0,0.0,0.025,0.8571428571428571,0.04030780505679736,0.0,0.0
0.3846153846153846,1.0,0.5,0.0,0.0,0.025,1.0,0.007328691828508611,0.038461538461538464,0.0
0.28205128205128205,1.0,0.5,0.0,0.0,0.025,0.8571428571428571,0.14584096738732136,0.0,0.0
0.33333333333333337,1.0,0.0,0.0,0.0,0.05,0.8571428571428571,0.12458776108464639,0.8846153846153847,0.0
0.33333333333333337,1.0,0.5,1.0,0.0,0.025,0.2857142857142857,0.08611212898497618,0.46153846153846156,0.0
0.3846153846153846,0.0,0.5,0.0,0.0,0.0,0.2857142857142857,0.01758886038842067,0.0,0.0
0.46153846153846156,1.0,0.5,1.0,0.0,0.0,0.8571428571428571,0.04580432392817882,0.46153846153846156,0.0
0.3846153846153846,1.0,0.5,1.0,0.0,0.025,0.8571428571428571,0.10809820447050202,0.8846153846153847,0.0
0.4871794871794871,1.0,0.5,0.0,0.0,0.0,0.8571428571428571,0.07949432026383291,0.576923076923077,0.0
0.3076923076923077,1.0,0.5,0.0,0.0,0.025,1.0,0.0,1.0,0.0
0.4358974358974359,1.0,0.5,0.0,0.0,0.025,0.8571428571428571,0.06938438988640527,0.0,0.0
0.3589743589743589,0.0,0.0,0.0,0.0,0.05,0.8571428571428571,0.1115243679003298,0.8846153846153847,0.0
0.3846153846153846,1.0,0.5,0.0,0.0,0.025,1.0,0.0,1.0,0.0
0.5128205128205128,0.0,0.0,0.0,0.0,0.025,0.8571428571428571,0.03688164162696959,0.576923076923077,0.0
0.41025641025641024,0.0,0.0,0.0,0.0,0.07500000000000001,0.8571428571428571,0.06359472334188347,0.576923076923077,0.0
0.3846153846153846,1.0,0.5,0.0,0.0,0.07500000000000001,0.8571428571428571,0.20703554415536826,0.11538461538461539,0.0
0.5128205128205128,0.0,0.5,0.0,0.0,0.0,0.8571428571428571,0.010993037742762916,0.0,0.0
0.6410256410256411,0.0,0.5,0.0,0.0,0.025,1.0,0.010047636496885306,0.46153846153846156,0.0
0.23076923076923073,0.0,0.5,0.0,0.0,0.1,0.8571428571428571,0.1905459875412239,0.5384615384615385,0.0
0.41025641025641024,1.0,0.0,0.0,0.0,0.05,0.8571428571428571,0.09893733968486625,0.3076923076923077,0.0
0.3589743589743589,1.0,0.0,0.0,0.0,0.07500000000000001,0.8571428571428571,0.09344082081348479,0.8846153846153847,0.0
0.4358974358974359,1.0,0.5,0.0,0.0,0.025,1.0,0.0,1.0,0.0
0.7948717948717948,0.0,0.0,0.0,0.0,0.025,0.8571428571428571,0.05130084279956028,0.576923076923077,0.0
0.3589743589743589,0.0,0.0,1.0,0.0,0.05,0.8571428571428571,0.5746903627702454,0.46153846153846156,1.0
0.4358974358974359,0.0,0.0,0.0,0.0,0.1,0.8571428571428571,0.0659582264565775,0.46153846153846156,0.0
0.3076923076923077,1.0,0.5,0.0,0.0,0.05,0.8571428571428571,0.17588860388420666,0.9615384615384616,0.0
0.3846153846153846,0.0,0.5,0.0,0.0,0.1,0.8571428571428571,0.22096005862953463,0.19230769230769232,0.0
0.28205128205128205,1.0,0.5,0.0,0.0,0.17500000000000002,0.8571428571428571,0.03297911322828875,0.46153846153846156,0.0
0.20512820512820518,1.0,0.5,0.0,0.0,0.2,0.8571428571428571,0.03297911322828875,0.46153846153846156,0.0
0.3589743589743589,0.0,0.5,0.0,0.0,0.025,0.8571428571428571,0.031146940271161598,0.8846153846153847,0.0
0.5897435897435898,1.0,0.0,0.0,0.0,0.05,0.8571428571428571,0.06125687064858922,0.8846153846153847,0.0
0.2564102564102564,0.0,0.0,0.0,0.0,0.05,0.8571428571428571,0.046720410406742394,0.8846153846153847,0.0
0.33333333333333337,1.0,0.5,0.0,0.0,0.07500000000000001,0.8571428571428571,0.09893733968486625,0.46153846153846156,0.0
0.4358974358974359,0.0,0.0,0.0,0.0,0.05,0.8571428571428571,0.062293880542323196,1.0,0.0
0.3846153846153846,0.0,0.5,0.0,0.0,0.0,0.8571428571428571,0.02473433492121656,0.6153846153846154,0.0
0.3076923076923077,1.0,0.5,0.0,0.0,0.05,0.8571428571428571,0.0659582264565775,0.46153846153846156,0.0
0.3846153846153846,1.0,0.5,1.0,0.0,0.0,0.8571428571428571,0.062293880542323196,0.8846153846153847,0.0
0.4358974358974359,1.0,0.0,0.0,0.0,0.07500000000000001,0.8571428571428571,0.09893733968486625,0.46153846153846156,0.0
0.5897435897435898,1.0,0.0,0.0,0.0,0.225,0.8571428571428571,0.08611212898497618,0.576923076923077,0.0
0.2564102564102564,0.0,0.5,0.0,0.0,0.07500000000000001,0.8571428571428571,0.08806888970318798,0.8846153846153847,0.0
0.17948717948717952,0.0,0.5,0.0,0.0,0.025,0.8571428571428571,0.019333089043605714,0.8846153846153847,0.0
0.17948717948717952,1.0,0.5,0.0,0.0,0.05,0.8571428571428571,0.1385489190179553,1.0,0.0
0.4871794871794871,1.0,0.5,1.0,0.0,0.0,0.8571428571428571,0.031146940271161598,0.8846153846153847,0.0
0.3589743589743589,1.0,0.0,0.0,0.0,0.05,0.8571428571428571,0.10993037742762916,1.0,0.0
0.4358974358974359,0.0,0.0,0.0,0.0,0.025,0.8571428571428571,0.02565042139978014,0.576923076923077,0.0
0.3846153846153846,0.0,0.5,0.0,0.0,0.025,0.42857142857142855,0.02015390252839868,0.6153846153846154,0.0
0.3076923076923077,1.0,0.5,0.0,0.0,0.025,0.8571428571428571,0.10003664345914254,0.34615384615384615,0.0
0.2564102564102564,0.0,0.5,0.0,0.0,0.05,0.8571428571428571,0.08794430194210333,0.9615384615384616,0.0
0.46153846153846156,0.0,0.5,0.0,0.0,0.07500000000000001,0.8571428571428571,0.08794430194210333,0.9615384615384616,0.0
0.23076923076923073,1.0,0.5,0.0,0.0,0.05,0.8571428571428571,0.08794430194210333,0.9615384615384616,0.0
0.33333333333333337,1.0,0.5,0.0,0.0,0.025,0.8571428571428571,0.062293880542323196,0.8846153846153847,0.0
0.33333333333333337,1.0,0.5,0.0,0.0,0.05,0.8571428571428571,0.031146940271161598,0.8846153846153847,0.0
0.3589743589743589,1.0,0.5,0.0,0.0,0.025,1.0,0.06098937339684866,0.6538461538461539,0.0
0.3076923076923077,1.0,0.5,1.0,0.0,0.025,0.14285714285714285,0.05130084279956028,0.576923076923077,0.0
0.4871794871794871,1.0,0.0,1.0,0.0,0.025,0.8571428571428571,0.33061927445950895,0.38461538461538464,1.0
0.4871794871794871,0.0,0.0,0.0,0.0,0.025,0.7142857142857142,0.062293880542323196,0.8846153846153847,0.0
0.3589743589743589,0.0,0.5,0.0,0.0,0.05,0.8571428571428571,0.043605716379626236,0.8846153846153847,0.0
0.23076923076923073,1.0,0.5,0.0,0.0,0.05,0.8571428571428571,0.09003297911322829,0.6538461538461539,0.0
0.3589743589743589,1.0,0.5,0.0,0.0,0.025,0.8571428571428571,0.09368266764382557,0.46153846153846156,0.0
0.20512820512820518,1.0,0.5,0.0,0.0,0.025,0.8571428571428571,0.0,0.9615384615384616,0.0
0.6410256410256411,0.0,0.0,0.0,0.0,0.0,0.5714285714285714,0.024796628801758886,0.576923076923077,0.0
0.4871794871794871,0.0,0.0,0.0,0.0,0.07500000000000001,0.2857142857142857,0.03664345914254306,0.3076923076923077,0.0
0.5128205128205128,0.0,0.0,0.0,0.0,0.125,0.8571428571428571,0.031146940271161598,0.8846153846153847,0.0
0.3076923076923077,1.0,0.5,0.0,0.0,0.0,0.2857142857142857,0.0,1.0,0.0
0.3076923076923077,0.0,0.0,0.0,0.0,0.1,0.8571428571428571,0.014657383657017221,0.576923076923077,0.0
0.28205128205128205,1.0,0.5,0.0,0.0,0.025,1.0,0.0,1.0,0.0
0.41025641025641024,0.0,0.5,0.0,0.0,0.0,0.8571428571428571,0.02076584829607915,0.8846153846153847,0.0
0.3846153846153846,0.0,0.5,0.0,0.0,0.0,0.7142857142857142,0.02076584829607915,0.8846153846153847,0.0
0.41025641025641024,0.0,0.5,0.0,0.0,0.05,0.8571428571428571,0.009344082081348478,0.8846153846153847,0.0
0.20512820512820518,0.0,0.5,0.0,0.0,0.1,0.8571428571428571,0.023451813851227556,0.11538461538461539,0.0
0.3846153846153846,0.0,0.5,0.0,0.0,0.025,0.8571428571428571,0.05130084279956028,0.0,0.0
0.3846153846153846,1.0,0.5,0.0,0.0,0.025,1.0,0.013679003297911323,0.576923076923077,0.0
0.3846153846153846,1.0,0.5,0.0,0.0,0.025,1.0,0.02748259435690729,0.0,0.0
0.33333333333333337,1.0,0.5,0.0,0.0,0.025,0.8571428571428571,0.031146940271161598,0.8846153846153847,0.0
0.20512820512820518,1.0,0.5,1.0,0.0,0.07500000000000001,0.8571428571428571,1.0,0.11538461538461539,1.0
0.4358974358974359,1.0,0.5,0.0,0.0,0.025,0.8571428571428571,0.03322462440454379,0.8846153846153847,0.0
0.3846153846153846,0.0,0.0,0.0,0.0,0.025,0.8571428571428571,0.0,1.0,0.0
0.4871794871794871,1.0,0.5,0.0,0.0,0.025,1.0,0.009160864785635764,0.07692307692307693,0.0
0.7435897435897435,0.0,0.5,1.0,0.0,0.0,0.8571428571428571,0.16850128252106997,0.38461538461538464,0.0
0.3076923076923077,1.0,0.5,0.0,0.0,0.025,1.0,0.010993037742762916,0.7692307692307693,0.0
0.3846153846153846,0.0,0.0,1.0,0.1141422212076247,0.05,0.8571428571428571,0.7414803957493588,0.8846153846153847,1.0
0.5128205128205128,0.0,1.0,1.0,0.0,0.07500000000000001,0.8571428571428571,0.816929278123855,0.9615384615384616,1.0
0.4358974358974359,0.0,0.0,1.0,0.0,0.07500000000000001,0.8571428571428571,0.7456943935507512,0.8846153846153847,1.0
0.3846153846153846,0.0,0.5,0.0,0.0,0.025,1.0,0.0,1.0,0.0
0.3846153846153846,1.0,0.5,0.0,0.040292204086291514,0.025,0.8571428571428571,0.08247343349212165,0.8461538461538463,0.0
0.46153846153846156,1.0,0.5,0.0,0.0,0.0,0.42857142857142855,0.08600219860754854,0.8076923076923077,0.0
0.5641025641025641,0.0,0.5,1.0,0.0,0.05,0.8571428571428571,0.3765262000732869,0.576923076923077,1.0
0.8205128205128206,1.0,0.5,1.0,0.0,0.025,0.8571428571428571,0.08024917552216929,0.8846153846153847,0.0
0.33333333333333337,0.0,0.0,0.0,0.0,0.025,0.8571428571428571,0.030047636496885306,0.8846153846153847,0.0
0.4358974358974359,0.0,0.5,1.0,0.0,0.07500000000000001,0.42857142857142855,0.7029864419201173,0.3076923076923077,1.0
0.3846153846153846,0.0,0.5,0.0,0.0,0.025,1.0,0.010993037742762916,0.7692307692307693,0.0
0.3846153846153846,1.0,0.5,1.0,0.0,0.025,1.0,0.010993037742762916,0.7692307692307693,1.0
0.3846153846153846,0.0,0.5,0.0,0.0,0.025,1.0,0.023818248442652987,0.38461538461538464,0.0
0.3846153846153846,0.0,0.5,0.0,0.0,0.025,1.0,0.010993037742762916,0.7692307692307693,0.0
0.4871794871794871,0.0,0.5,1.0,0.0,0.05,0.8571428571428571,0.7068633198973983,0.3076923076923077,1.0
0.3846153846153846,1.0,0.0,0.0,0.0,0.35000000000000003,0.8571428571428571,0.287651154268963,0.11538461538461539,0.0
0.3076923076923077,0.0,0.5,0.0,0.1141422212076247,0.025,0.0,0.011703920850128252,0.6153846153846154,0.0
0.5641025641025641,0.0,0.0,1.0,0.1141422212076247,0.07500000000000001,0.8571428571428571,0.40246976914620736,0.576923076923077,1.0
0.33333333333333337,1.0,0.5,1.0,0.0,0.05,0.8571428571428571,0.7056211066324661,0.9615384615384616,1.0
0.3846153846153846,0.0,0.5,0.0,0.0,0.025,1.0,0.014657383657017221,0.7692307692307693,0.0
0.6153846153846153,0.0,0.5,0.0,0.0,0.025,1.0,0.03224624404543789,0.0,0.0
0.3846153846153846,0.0,0.5,1.0,0.0,0.0,0.42857142857142855,0.05254672041040674,0.8076923076923077,1.0
0.23076923076923073,1.0,0.5,0.0,0.0,0.025,1.0,0.0,1.0,0.0
0.3846153846153846,1.0,0.0,1.0,0.0,0.07500000000000001,0.42857142857142855,0.6185782337852693,0.8076923076923077,1.0
0.5128205128205128,0.0,0.5,1.0,0.0,0.05,0.8571428571428571,0.948515939904727,0.9230769230769231,1.0
0.6153846153846153,0.0,0.5,0.0,0.0,0.0,0.8571428571428571,0.023818248442652987,0.38461538461538464,0.0
0.3076923076923077,1.0,1.0,1.0,0.0,0.05,0.8571428571428571,0.6271528032246244,0.46153846153846156,1.0
0.33333333333333337,0.0,0.0,1.0,0.0,0.05,0.8571428571428571,0.6899963356540857,0.3076923076923077,1.0
0.3589743589743589,0.0,0.0,1.0,0.1141422212076247,0.1,0.8571428571428571,0.8355111762550386,0.11538461538461539,1.0
0.20512820512820518,1.0,0.0,0.0,0.0,0.05,0.8571428571428571,0.21143275925247343,0.8846153846153847,0.0
0.46153846153846156,0.0,0.0,1.0,0.0,0.1,0.42857142857142855,0.751282521069989,0.2692307692307693,1.0
0.41025641025641024,0.0,1.0,0.0,0.0,0.45,0.42857142857142855,0.6012275558812752,1.0,0.0
0.3589743589743589,0.0,0.0,1.0,0.0,0.025,0.7142857142857142,0.4289666544521803,0.8846153846153847,1.0
0.717948717948718,0.0,0.5,0.0,0.0,0.025,0.42857142857142855,0.062293880542323196,0.0,0.0
0.23076923076923073,0.0,0.5,0.0,0.0,0.025,0.8571428571428571,0.04030780505679736,0.0,0.0
0.3846153846153846,1.0,0.5,0.0,0.0,0.025,1.0,0.0,1.0,0.0
0.4358974358974359,0.0,0.5,0.0,0.0,0.025,0.8571428571428571,0.2891168926346647,0.8846153846153847,0.0
